{"cameraMode":{"drawMode":0,"name":"Shaded","section":"Shading Mode"},"sceneLighting":false,"audioPlay":false,"sceneViewState":{"m_AlwaysRefresh":false,"showFog":true,"showSkybox":false,"showFlares":true,"showImageEffects":true,"showParticleSystems":true,"showVisualEffectGraphs":true,"m_FxEnabled":true},"in2DMode":false,"pivot":{"x":3.0982375144958498,"y":1.8562655448913575,"z":9.958271026611329},"rotation":{"x":-0.06999853998422623,"y":-0.5642308592796326,"z":0.04723305627703667,"w":-0.8219962120056152},"size":1.9943344593048096,"orthographic":false}