{"cameraMode":{"drawMode":0,"name":"Shaded","section":"Shading Mode"},"sceneLighting":false,"audioPlay":false,"sceneViewState":{"m_AlwaysRefresh":false,"showFog":true,"showSkybox":false,"showFlares":true,"showImageEffects":true,"showParticleSystems":true,"showVisualEffectGraphs":true,"m_FxEnabled":true},"in2DMode":false,"pivot":{"x":1.3640269041061402,"y":-0.45728060603141787,"z":2.332357883453369},"rotation":{"x":-0.25210440158843996,"y":-0.1858459860086441,"z":0.04940083622932434,"w":-0.9484105110168457},"size":6.4857001304626469,"orthographic":false}