{"cameraMode":{"drawMode":0,"name":"Shaded","section":"Shading Mode"},"sceneLighting":false,"audioPlay":false,"sceneViewState":{"m_AlwaysRefresh":false,"showFog":true,"showSkybox":false,"showFlares":true,"showImageEffects":true,"showParticleSystems":true,"showVisualEffectGraphs":true,"m_FxEnabled":true},"in2DMode":false,"pivot":{"x":0.9013795852661133,"y":-9.64120101928711,"z":116.60441589355469},"rotation":{"x":-0.019807999953627588,"y":-0.007501463871449232,"z":0.00014779428602196276,"w":-0.9997921586036682},"size":61.05650329589844,"orthographic":false}