{"cameraMode":{"drawMode":0,"name":"Shaded","section":"Shading Mode"},"sceneLighting":false,"audioPlay":false,"sceneViewState":{"m_AlwaysRefresh":false,"showFog":true,"showSkybox":false,"showFlares":true,"showImageEffects":true,"showParticleSystems":true,"showVisualEffectGraphs":true,"m_FxEnabled":true},"in2DMode":false,"pivot":{"x":5.268208026885986,"y":2.0649795532226564,"z":-4.765111923217773},"rotation":{"x":0.014987734146416188,"y":0.017694387584924699,"z":0.00026449307915754616,"w":-0.9997429847717285},"size":2.132841110229492,"orthographic":false}